<?xml version="1.0"?>
<!DOCTYPE display PUBLIC "-//Liferay//DTD Display 6.0.0//EN" "http://www.liferay.com/dtd/liferay-display_6_0_0.dtd">

<display>
	<category name="category.sample">
		<portlet id="PreRegistrationPortlet" />
		<portlet id="HelloPortlet"></portlet>
		<portlet id="CustomAutoLogin"></portlet>
		<portlet id="ReportingPortlet2"></portlet>
		<portlet id="ReportingPortlet1"></portlet>
		<portlet id="ReportingPortlet"></portlet>
		<portlet id="WelcomePortlet"></portlet>
		<portlet id="HomePagePortlet"></portlet>
		<portlet id="OrderManagementPortlet"></portlet>
	</category>
</display>