<?xml version="1.0"?>

<portlet-app version="2.0"
	xmlns="http://java.sun.com/xml/ns/portlet/portlet-app_2_0.xsd"
	xmlns:xsi="http://www.w3.org/2001/XMLSchema-instance"
	xsi:schemaLocation="http://java.sun.com/xml/ns/portlet/portlet-app_2_0.xsd http://java.sun.com/xml/ns/portlet/portlet-app_2_0.xsd">
	<portlet>
		<portlet-name>PreRegisterationPortlet</portlet-name>
		<display-name>PreRegisterationPortlet</display-name>
		<portlet-class>com.walmart.services.mpp.preregister.PreRegisterationPortlet</portlet-class>
		<init-param>
			<name>view-template</name>
			<value>/html/preregisterationportlet/view.jsp</value>
		</init-param>
		<expiration-cache>0</expiration-cache>
		<supports>
			<mime-type>text/html</mime-type>
			<portlet-mode>view</portlet-mode>
		</supports>
		<portlet-info>
			<title>PreRegisterationPortlet</title>
			<short-title>PreRegisterationPortlet</short-title>
			<keywords>PreRegisterationPortlet</keywords>
		</portlet-info>
		<security-role-ref>
			<role-name>administrator</role-name>
		</security-role-ref>
		<security-role-ref>
			<role-name>guest</role-name>
		</security-role-ref>
		<security-role-ref>
			<role-name>power-user</role-name>
		</security-role-ref>
		<security-role-ref>
			<role-name>user</role-name>
		</security-role-ref>
	</portlet>

	<portlet>
		<portlet-name>ReportingPortlet1</portlet-name>
		<display-name>ReportingPortlet1</display-name>
		<portlet-class>com.walmart.services.mpp.reporting.ReportingPortlet1</portlet-class>
		<init-param>
			<name>view-template</name>
			<value>/html/reportingportlet1/view.jsp</value>
		</init-param>
		<init-param>
			<name>edit-template</name>
			<value>/html/reportingportlet1/edit.jsp</value>
		</init-param>
		<expiration-cache>0</expiration-cache>
		<supports>
			<mime-type>text/html</mime-type>
			<portlet-mode>view</portlet-mode>
			<portlet-mode>edit</portlet-mode>
		</supports>
		<portlet-info>
			<title>ReportingPortlet1</title>
			<short-title>ReportingPortlet1</short-title>
			<keywords></keywords>
		</portlet-info>
		<security-role-ref>
			<role-name>administrator</role-name>
		</security-role-ref>
		<security-role-ref>
			<role-name>guest</role-name>
		</security-role-ref>
		<security-role-ref>
			<role-name>power-user</role-name>
		</security-role-ref>
		<security-role-ref>
			<role-name>user</role-name>
		</security-role-ref>
	</portlet>

	<portlet>
		<portlet-name>LoginPortlet</portlet-name>
		<display-name>LoginPortlet</display-name>
		<portlet-class>com.walmart.services.mpp.login.LoginPortlet</portlet-class>
		<init-param>
			<name>view-template</name>
			<value>/html/loginportlet/view.jsp</value>
		</init-param>
		<expiration-cache>0</expiration-cache>
		<supports>
			<mime-type>text/html</mime-type>
			<portlet-mode>view</portlet-mode>
		</supports>
		<portlet-info>
			<title>LoginPortlet</title>
			<short-title>LoginPortlet</short-title>
			<keywords>LoginPortlet</keywords>
		</portlet-info>
		<security-role-ref>
			<role-name>administrator</role-name>
		</security-role-ref>
		<security-role-ref>
			<role-name>guest</role-name>
		</security-role-ref>
		<security-role-ref>
			<role-name>power-user</role-name>
		</security-role-ref>
		<security-role-ref>
			<role-name>user</role-name>
		</security-role-ref>
	</portlet>
	
    <portlet>
        <portlet-name>HomePagePortlet</portlet-name>
        <display-name>HomePagePortlet</display-name>
        <portlet-class>com.walmart.services.mpp.login.HomePagePortlet</portlet-class>
        <init-param>
            <name>view-template</name>
            <value>/html/homepageportlet/view.jsp</value>
        </init-param>
        <expiration-cache>0</expiration-cache>
        <supports>
            <mime-type>text/html</mime-type>
            <portlet-mode>view</portlet-mode>
        </supports>
        <portlet-info>
            <title>HomePagePortlet</title>
            <short-title>HomePagePortlet</short-title>
            <keywords>HomePagePortlet</keywords>
        </portlet-info>
        <security-role-ref>
            <role-name>administrator</role-name>
        </security-role-ref>
        <security-role-ref>
            <role-name>guest</role-name>
        </security-role-ref>
        <security-role-ref>
            <role-name>power-user</role-name>
        </security-role-ref>
        <security-role-ref>
            <role-name>user</role-name>
        </security-role-ref>
    </portlet>
    
	<portlet>
		<portlet-name>ReportingPortlet</portlet-name>
		<display-name>ReportingPortlet</display-name>
		<portlet-class>com.walmart.services.mpp.reporting.ReportingPortlet</portlet-class>
		<init-param>
			<name>view-template</name>
			<value>/html/reportingportlet/view.jsp</value>
		</init-param>
		<expiration-cache>0</expiration-cache>
		<supports>
			<mime-type>text/html</mime-type>
			<portlet-mode>view</portlet-mode>
		</supports>
		<portlet-info>
			<title>ReportingPortlet</title>
			<short-title>ReportingPortlet</short-title>
			<keywords>ReportingPortlet</keywords>
		</portlet-info>
		<security-role-ref>
			<role-name>administrator</role-name>
		</security-role-ref>
		<security-role-ref>
			<role-name>guest</role-name>
		</security-role-ref>
		<security-role-ref>
			<role-name>power-user</role-name>
		</security-role-ref>
		<security-role-ref>
			<role-name>user</role-name>
		</security-role-ref>
	</portlet>
	
	<portlet>
		<portlet-name>OrderManagementPortlet</portlet-name>
		<display-name>OrderManagementPortlet</display-name>
		<portlet-class>com.walmart.services.mpp.order.OrderManagementPortlet</portlet-class>
		<init-param>
			<name>view-template</name>
			<value>/html/ordermanagement/view.jsp</value>
		</init-param>
		<expiration-cache>0</expiration-cache>
		<supports>
			<mime-type>text/html</mime-type>
			<portlet-mode>view</portlet-mode>
		</supports>
		<portlet-info>
			<title>OrderManagementPortlet</title>
			<short-title>OrderManagementPortlet</short-title>
			<keywords>OrderManagementPortlet</keywords>
		</portlet-info>
		<security-role-ref>
			<role-name>administrator</role-name>
		</security-role-ref>
		<security-role-ref>
			<role-name>guest</role-name>
		</security-role-ref>
		<security-role-ref>
			<role-name>power-user</role-name>
		</security-role-ref>
		<security-role-ref>
			<role-name>user</role-name>
		</security-role-ref>
	</portlet>
</portlet-app>